{
  "selected_biases": [
    -15.0,
    -14.296875,
    -13.59375,
    -12.65625,
    -11.953125,
    -11.25,
    -10.3125,
    -9.609375,
    -8.90625,
    -7.96875,
    -7.265625,
    -6.328125,
    -5.625,
    -4.921875,
    -3.984375,
    -3.28125,
    -2.578125,
    -1.640625,
    -0.9375,
    0.0
  ],
  "selected_indices": [
    0,
    3,
    6,
    10,
    13,
    16,
    20,
    23,
    26,
    30,
    33,
    37,
    40,
    43,
    47,
    50,
    53,
    57,
    60,
    64
  ],
  "bias_range": [
    -15.0,
    0.0
  ],
  "num_biases": 20,
  "bias_interval": 0.7894736842105263,
  "wavelength_range": [
    1000,
    1300
  ],
  "wavelength_points": 301
}