{
  "v3_original": {
    "mse": 0.04400083013033031,
    "corr": 0.8580587502382009,
    "peak_error_mean": 46.85890442284302,
    "peak_error_median": 12.291321272955429,
    "acc_1nm": 12.8,
    "acc_2nm": 20.4,
    "acc_5nm": 35.6
  },
  "v3_2_mixed_loss": {
    "mse": 0.03856989873425993,
    "corr": NaN,
    "peak_error_mean": 46.98202898159413,
    "peak_error_median": 13.145375001915795,
    "acc_1nm": 6.800000000000001,
    "acc_2nm": 13.200000000000001,
    "acc_5nm": 30.8
  },
  "v3_2_1_late_peak": {
    "mse": 0.03462948384462586,
    "corr": NaN,
    "peak_error_mean": 43.79360290074091,
    "peak_error_median": 12.089917518427114,
    "acc_1nm": 11.4,
    "acc_2nm": 19.2,
    "acc_5nm": 36.199999999999996
  }
}