{
  "v3_original": {
    "mse": 0.04400083013033031,
    "corr": 0.8580587502382009,
    "peak_error_mean": 46.85890442284302,
    "peak_error_median": 12.291321272955429,
    "acc_1nm": 12.8,
    "acc_2nm": 20.4,
    "acc_5nm": 35.6
  },
  "v3_2_mixed_loss": {
    "mse": 0.03856989873425993,
    "corr": NaN,
    "peak_error_mean": 46.98202898159413,
    "peak_error_median": 13.145375001915795,
    "acc_1nm": 6.800000000000001,
    "acc_2nm": 13.200000000000001,
    "acc_5nm": 30.8
  },
  "improvement": {
    "mse_percent": -12.342793033640453,
    "peak_error_percent": 0.2627559484533892,
    "acc_1nm_change": -6.0
  }
}